author,s_count,s_mean,s_std,s_min,s_25,s_50,s_75,s_max,comp,neg,neu,pos,rating
aaron leitko,128.0,7.16,0.79,3.9,6.8,7.2,7.7,8.8,-0.09,0.08,0.24,0.87,7.14
abby garnett,6.0,7.02,0.44,6.4,6.78,7.0,7.3,7.6,-0.08,0.11,0.36,0.86,7.02
abigail covington,2.0,7.05,0.78,6.5,6.78,7.05,7.32,7.6,-0.04,0.12,0.35,0.86,7.05
abigail garnett,4.0,7.18,0.74,6.2,6.8,7.35,7.72,7.8,-0.09,0.1,0.39,0.86,7.18
adam dlugacz,2.0,6.3,0.0,6.3,6.3,6.3,6.3,6.3,-0.12,0.13,0.32,0.81,6.3
adam moerder,300.0,6.13,1.38,1.5,5.3,6.6,7.1,8.5,-0.12,0.1,0.28,0.84,6.14
adam ohler,1.0,4.2,,4.2,4.2,4.2,4.2,4.2,-0.17,0.11,0.24,0.81,4.2
adrienne day,1.0,6.2,,6.2,6.2,6.2,6.2,6.2,-0.15,0.06,0.24,0.89,6.2
al shipley,12.0,5.83,1.25,3.8,5.1,5.75,7.02,7.5,-0.05,0.12,0.31,0.84,5.83
alan light,3.0,9.2,0.69,8.8,8.8,8.8,9.4,10.0,-0.07,0.08,0.31,0.88,9.2
alan smithee,1.0,4.0,,4.0,4.0,4.0,4.0,4.0,-0.16,0.06,0.13,0.85,4.0
alex lindhart,1.0,7.9,,7.9,7.9,7.9,7.9,7.9,-0.11,0.09,0.31,0.86,7.9
alex linhardt,52.0,7.7,1.27,2.0,7.07,7.75,8.5,9.7,-0.12,0.09,0.27,0.84,7.7
alexander iadarola,1.0,7.5,,7.5,7.5,7.5,7.5,7.5,-0.14,0.07,0.17,0.88,7.5
alexander lloyd linhardt,28.0,7.3,1.88,3.1,6.57,8.15,8.5,9.7,-0.12,0.09,0.26,0.84,7.3
alison fields,58.0,5.99,1.68,0.1,5.5,6.5,6.9,8.9,-0.08,0.11,0.28,0.84,5.99
allison hussey,14.0,6.58,1.16,3.8,6.05,6.75,7.4,7.9,-0.08,0.12,0.32,0.84,6.58
amanda petrusich,245.0,7.31,1.18,2.9,6.9,7.5,8.0,10.0,-0.12,0.1,0.32,0.84,7.31
amanda petrusich ,1.0,9.0,,9.0,9.0,9.0,9.0,9.0,-0.1,0.1,0.26,0.86,9.0
amy granzin,64.0,7.21,1.13,4.8,6.57,7.5,7.9,10.0,-0.09,0.11,0.31,0.84,7.21
amy phillips,5.0,6.0,3.02,2.0,3.5,7.9,8.1,8.5,-0.11,0.1,0.27,0.82,6.0
andi rowlands,2.0,8.25,0.35,8.0,8.12,8.25,8.38,8.5,-0.01,0.1,0.24,0.89,8.25
andrew bryant,42.0,6.66,1.76,2.7,5.7,6.9,7.8,9.5,-0.11,0.09,0.3,0.85,6.65
andrew gaerig,323.0,6.84,1.03,2.9,6.2,7.0,7.5,8.8,-0.08,0.1,0.3,0.86,6.84
andrew goldman,7.0,7.59,0.64,6.9,7.05,7.8,7.8,8.7,-0.12,0.12,0.31,0.83,7.59
andrew lehman,1.0,6.0,,6.0,6.0,6.0,6.0,6.0,-0.1,0.09,0.27,0.85,6.0
andrew nosnitsky,1.0,9.1,,9.1,9.1,9.1,9.1,9.1,-0.08,0.07,0.23,0.88,9.1
andrew ryce,69.0,7.01,1.06,4.0,6.3,7.0,7.8,8.7,-0.09,0.11,0.33,0.85,7.01
andy battaglia,47.0,7.57,0.98,4.5,7.1,7.9,8.3,9.0,-0.05,0.09,0.3,0.88,7.57
andy beta,304.0,7.48,0.99,2.5,6.9,7.6,8.0,10.0,-0.09,0.08,0.27,0.88,7.49
"andy beta, brandon stosuy & mark richardson",1.0,7.8,,7.8,7.8,7.8,7.8,7.8,-0.08,0.05,0.15,0.9,7.8
andy emitt,2.0,7.65,0.21,7.5,7.58,7.65,7.72,7.8,-0.24,0.13,0.35,0.81,7.65
andy linhardt,1.0,7.0,,7.0,7.0,7.0,7.0,7.0,-0.17,0.09,0.27,0.84,7.0
andy o' connor,1.0,7.3,,7.3,7.3,7.3,7.3,7.3,-0.12,0.1,0.29,0.83,7.3
andy o'connor,73.0,7.39,0.67,5.5,7.2,7.6,7.8,8.5,-0.16,0.08,0.24,0.84,7.39
angus finlayson,15.0,7.15,0.66,5.9,6.85,7.1,7.75,8.1,-0.06,0.1,0.31,0.87,7.15
anupa mistry,15.0,7.78,0.74,6.8,7.05,8.0,8.4,8.9,-0.07,0.1,0.3,0.87,7.78
austin gaines,10.0,6.59,1.32,4.9,5.3,7.2,7.68,8.0,-0.12,0.09,0.28,0.83,6.59
b michael payne,1.0,7.7,,7.7,7.7,7.7,7.7,7.7,-0.05,0.12,0.31,0.83,7.7
b. david zarley,2.0,6.65,0.35,6.4,6.52,6.65,6.78,6.9,-0.06,0.11,0.32,0.87,6.65
barry walters,7.0,9.03,1.02,7.5,8.35,9.0,10.0,10.0,-0.14,0.09,0.31,0.84,9.03
beatty & garrett,7.0,5.69,2.88,1.5,3.85,7.2,7.55,8.3,-0.12,0.08,0.22,0.85,5.69
ben scheim,3.0,7.6,0.17,7.5,7.5,7.5,7.65,7.8,-0.0,0.1,0.34,0.89,7.6
ben westhoff,13.0,6.52,1.09,5.0,5.5,6.3,7.5,8.0,-0.1,0.11,0.3,0.84,6.52
benjamin scheim,32.0,7.2,0.65,5.9,6.65,7.15,7.7,8.5,-0.05,0.12,0.38,0.86,7.2
bill morris,2.0,5.65,0.64,5.2,5.43,5.65,5.87,6.1,-0.05,0.12,0.33,0.85,5.65
bob o. mcmillan,1.0,3.5,,3.5,3.5,3.5,3.5,3.5,-0.22,0.14,0.38,0.77,3.5
bob stanley,1.0,7.2,,7.2,7.2,7.2,7.2,7.2,-0.07,0.11,0.31,0.82,7.2
brad haywood,86.0,6.55,1.79,0.6,5.52,7.0,7.88,9.0,-0.1,0.11,0.26,0.84,6.55
brad haywood & ryan schreiber,2.0,3.1,0.0,3.1,3.1,3.1,3.1,3.1,-0.14,0.09,0.23,0.84,3.1
brad hurst,10.0,7.47,0.75,6.3,7.05,7.7,8.02,8.3,-0.13,0.09,0.25,0.85,7.47
brad nelson,23.0,7.25,0.82,5.1,7.0,7.2,7.85,8.8,-0.11,0.07,0.23,0.87,7.25
brandon soderberg,19.0,7.41,1.0,3.8,7.35,7.6,7.95,8.3,-0.13,0.09,0.29,0.85,7.41
brandon stosuy,409.0,7.51,1.06,2.8,7.0,7.8,8.2,9.3,-0.09,0.09,0.27,0.86,7.5
brandon wall,1.0,7.9,,7.9,7.9,7.9,7.9,7.9,-0.09,0.12,0.28,0.85,7.9
brendan mattox,1.0,6.8,,6.8,6.8,6.8,6.8,6.8,-0.07,0.11,0.31,0.85,6.8
brendan reid,37.0,6.82,1.43,3.5,6.2,7.1,7.8,9.0,-0.1,0.09,0.25,0.85,6.82
brent dicrescenzo,120.0,6.03,2.58,0.0,4.27,6.85,8.0,10.0,-0.09,0.09,0.23,0.86,6.03
brent s. sirota,44.0,8.09,1.46,3.9,7.88,8.35,9.0,10.0,-0.11,0.09,0.25,0.85,8.09
brian burlage,4.0,7.33,0.15,7.1,7.33,7.4,7.4,7.4,-0.23,0.05,0.18,0.86,7.33
brian howe,651.0,7.06,0.94,2.8,6.5,7.3,7.7,9.6,-0.08,0.1,0.28,0.86,7.06
brian howe & brandon stosuy,1.0,7.4,,7.4,7.4,7.4,7.4,7.4,-0.07,0.12,0.39,0.83,7.4
brian james,24.0,5.96,1.99,2.0,4.55,6.75,7.1,9.5,-0.11,0.12,0.34,0.82,5.96
britt julious,9.0,7.44,0.4,6.5,7.4,7.4,7.6,7.9,-0.07,0.12,0.32,0.86,7.44
brock kappers,2.0,7.5,0.0,7.5,7.5,7.5,7.5,7.5,-0.0,0.16,0.41,0.82,7.5
bruce tiffee,1.0,8.1,,8.1,8.1,8.1,8.1,8.1,-0.01,0.11,0.24,0.86,8.1
cameron cook,34.0,7.09,0.53,5.8,6.8,7.0,7.38,8.4,-0.07,0.11,0.35,0.86,7.09
cameron macdonald,83.0,7.13,0.91,4.9,6.8,7.2,7.7,8.9,-0.11,0.09,0.25,0.86,7.13
camilo arturo leslie,41.0,6.94,0.83,4.8,6.6,7.0,7.6,8.5,-0.09,0.11,0.28,0.84,6.94
carl wilson,1.0,8.5,,8.5,8.5,8.5,8.5,8.5,-0.2,0.08,0.25,0.85,8.5
carrie battan,34.0,6.93,1.17,3.0,6.48,7.25,7.75,8.8,-0.1,0.1,0.29,0.86,6.93
carvell wallace,5.0,9.9,0.22,9.5,10.0,10.0,10.0,10.0,-0.12,0.11,0.29,0.83,9.9
caryn rose,1.0,8.0,,8.0,8.0,8.0,8.0,8.0,-0.05,0.08,0.31,0.9,8.0
casey rea,1.0,7.9,,7.9,7.9,7.9,7.9,7.9,-0.01,0.15,0.44,0.84,7.9
catherine lewis,4.0,4.8,0.9,3.7,4.52,4.8,5.07,5.9,-0.07,0.08,0.26,0.88,4.8
chip chanko,15.0,7.61,0.99,5.5,7.15,7.9,8.25,8.9,-0.04,0.08,0.19,0.89,7.61
"choppa moussaoui, with help from mullah omar, ethan p, and ",2.0,5.1,0.0,5.1,5.1,5.1,5.1,5.1,-0.22,0.08,0.24,0.78,5.1
chris dahlen,275.0,7.37,1.34,0.0,6.8,7.7,8.1,10.0,-0.09,0.1,0.28,0.85,7.37
chris dahlen & ryan schreiber,1.0,1.7,,1.7,1.7,1.7,1.7,1.7,-0.2,0.08,0.24,0.83,1.7
"chris dahlen, dominique leone & joe tangari",1.0,8.1,,8.1,8.1,8.1,8.1,8.1,-0.07,0.12,0.38,0.85,8.1
chris drabick,2.0,5.0,2.83,3.0,4.0,5.0,6.0,7.0,-0.09,0.12,0.32,0.78,5.0
chris randle,4.0,6.45,1.68,4.0,6.18,7.0,7.28,7.8,-0.16,0.1,0.26,0.84,6.45
chris weber,3.0,7.67,0.46,7.4,7.4,7.4,7.8,8.2,-0.12,0.09,0.26,0.84,7.67
christine kakaire,2.0,6.5,0.0,6.5,6.5,6.5,6.5,6.5,-0.06,0.11,0.4,0.86,6.5
christopher dare,81.0,7.17,1.32,2.7,6.8,7.4,8.0,9.0,-0.1,0.08,0.23,0.86,7.17
christopher f. schiel,22.0,7.15,1.37,3.5,6.5,7.6,8.0,8.7,-0.08,0.09,0.24,0.87,7.15
christopher sebela,6.0,5.03,2.16,2.3,3.2,5.9,6.65,6.9,-0.23,0.11,0.28,0.79,5.03
christopher weber,1.0,5.5,,5.5,5.5,5.5,5.5,5.5,-0.13,0.07,0.23,0.83,5.5
claire lobenfeld,7.0,6.71,0.78,5.4,6.35,6.8,7.35,7.4,-0.09,0.1,0.3,0.86,6.71
clayton purdom,6.0,6.85,0.69,5.5,6.9,7.05,7.28,7.3,-0.07,0.1,0.28,0.85,6.85
colin joyce,25.0,7.09,0.51,5.9,6.8,7.3,7.4,7.8,-0.1,0.08,0.26,0.88,7.09
colin st. john,4.0,6.52,0.72,5.5,6.4,6.7,6.82,7.2,-0.1,0.07,0.18,0.88,6.52
corban goble,29.0,6.7,1.2,4.0,6.1,7.0,7.5,8.0,-0.06,0.11,0.35,0.85,6.7
corbin reiff,4.0,7.35,0.64,6.4,7.3,7.6,7.65,7.8,-0.06,0.11,0.35,0.85,7.35
cory byrom,7.0,6.29,1.72,4.4,4.85,5.8,7.8,8.5,-0.13,0.1,0.26,0.83,6.29
cory d. byrom,89.0,6.41,1.37,1.5,6.0,6.8,7.3,8.2,-0.11,0.09,0.26,0.85,6.44
cosmo lee,68.0,7.1,0.79,4.3,7.0,7.2,7.5,8.5,-0.1,0.08,0.2,0.86,7.1
craig griffith,4.0,5.82,1.66,3.5,5.22,6.3,6.9,7.2,-0.1,0.11,0.26,0.83,5.82
craig jenkins,54.0,7.24,1.16,4.0,6.8,7.4,8.0,10.0,-0.12,0.09,0.28,0.85,7.24
craig rostron,2.0,8.0,0.0,8.0,8.0,8.0,8.0,8.0,-0.25,0.09,0.27,0.8,8.0
d. erik kempke,12.0,6.58,1.77,1.5,6.5,6.55,7.7,8.7,-0.09,0.1,0.27,0.84,6.58
d. shawn bosler,25.0,7.5,0.44,6.8,7.1,7.5,7.7,8.6,-0.14,0.09,0.31,0.85,7.5
dan gardopee,7.0,7.46,0.47,6.8,7.05,7.8,7.8,7.9,-0.08,0.11,0.28,0.84,7.46
dan kilian,17.0,7.19,1.35,2.7,6.9,7.2,7.7,8.7,-0.09,0.11,0.25,0.83,7.19
dan kilian & ryan schreiber,1.0,9.0,,9.0,9.0,9.0,9.0,9.0,-0.16,0.08,0.2,0.84,9.0
dan lett,19.0,7.21,0.88,6.0,6.5,7.0,8.2,8.3,-0.11,0.1,0.27,0.85,7.21
dan miron,2.0,7.7,0.0,7.7,7.7,7.7,7.7,7.7,-0.04,0.11,0.24,0.88,7.7
daniel crumb,1.0,7.2,,7.2,7.2,7.2,7.2,7.2,-0.11,0.13,0.36,0.79,7.2
daniel martin-mccormick,3.0,6.33,1.25,4.9,5.9,6.9,7.05,7.2,-0.06,0.12,0.31,0.85,6.33
daphne a. brooks,3.0,9.13,0.23,9.0,9.0,9.0,9.2,9.4,-0.23,0.07,0.29,0.86,9.13
daphne carr,9.0,7.5,0.84,6.2,7.0,7.5,8.3,8.4,-0.14,0.09,0.28,0.84,7.5
dave stelfox,4.0,7.82,1.22,6.8,6.8,7.65,8.68,9.2,-0.1,0.09,0.27,0.86,7.82
david bevan,99.0,7.21,0.99,4.0,6.4,7.4,7.9,9.5,-0.06,0.11,0.29,0.86,7.21
david bevan ,28.0,7.23,0.73,5.9,6.6,7.45,7.7,8.5,-0.09,0.09,0.26,0.87,7.23
david drake,75.0,7.38,0.88,4.5,7.0,7.7,7.9,9.0,-0.08,0.11,0.33,0.85,7.38
david glickman,4.0,7.28,0.45,6.9,6.98,7.15,7.45,7.9,-0.07,0.11,0.33,0.85,7.28
david m. pecoraro,63.0,7.14,1.61,2.6,6.8,7.5,8.1,9.4,-0.1,0.09,0.25,0.85,7.14
david moore,36.0,6.8,1.14,3.9,6.07,6.9,7.43,9.7,-0.13,0.1,0.28,0.85,6.8
david raposa,203.0,6.52,1.4,2.5,5.6,6.6,7.55,9.6,-0.09,0.11,0.32,0.85,6.52
david turner,15.0,6.71,0.75,5.0,6.4,6.9,7.3,7.5,-0.1,0.09,0.29,0.87,6.71
dean van nguyen,13.0,6.92,1.11,5.0,6.3,6.9,7.8,8.7,-0.11,0.09,0.28,0.86,6.92
derek miller,24.0,6.69,1.14,4.2,5.9,7.0,7.48,8.3,-0.13,0.09,0.26,0.85,6.69
devon maloney,11.0,7.04,0.49,6.0,6.85,7.2,7.35,7.6,-0.09,0.11,0.36,0.84,7.04
dominique leone,364.0,7.52,1.12,3.0,7.0,7.8,8.2,10.0,-0.08,0.1,0.29,0.86,7.52
dorian lynskey,1.0,9.5,,9.5,9.5,9.5,9.5,9.5,-0.11,0.11,0.29,0.82,9.5
douglas wolk,164.0,6.7,1.71,1.3,5.7,7.0,8.0,10.0,-0.08,0.09,0.3,0.87,6.71
dr. andy beta,1.0,3.3,,3.3,3.3,3.3,3.3,3.3,-0.12,0.09,0.22,0.81,3.3
drew daniel,3.0,8.6,0.0,8.6,8.6,8.6,8.6,8.6,-0.2,0.08,0.26,0.85,8.6
drew gaerig,1.0,7.4,,7.4,7.4,7.4,7.4,7.4,-0.08,0.1,0.36,0.85,7.4
edward howard,1.0,6.7,,6.7,6.7,6.7,6.7,6.7,-0.06,0.11,0.3,0.83,6.7
"edwin ""stats"" houghton",1.0,6.5,,6.5,6.5,6.5,6.5,6.5,-0.11,0.09,0.32,0.88,6.5
edwin stats houghton,1.0,7.9,,7.9,7.9,7.9,7.9,7.9,-0.12,0.09,0.37,0.86,7.9
emilie friedlander,10.0,7.1,0.34,6.7,6.8,7.1,7.3,7.8,-0.11,0.08,0.34,0.88,7.1
eric carr,169.0,6.69,1.85,0.0,5.6,7.1,8.0,10.0,-0.12,0.11,0.3,0.83,6.69
eric grandy,45.0,6.48,1.09,4.2,6.2,6.6,7.2,8.8,-0.08,0.09,0.31,0.87,6.48
eric harvey,168.0,6.45,1.37,1.5,5.9,6.7,7.4,9.5,-0.08,0.11,0.33,0.86,6.45
eric torres,10.0,6.76,0.73,5.5,6.52,7.0,7.18,7.5,-0.02,0.13,0.43,0.85,6.76
erin macleod,11.0,7.8,0.35,7.0,7.6,8.0,8.05,8.1,-0.06,0.1,0.32,0.89,7.8
ernest wilkins,8.0,6.41,1.1,4.9,5.42,6.95,7.17,7.5,-0.11,0.1,0.29,0.85,6.41
estelle tang,3.0,6.9,0.17,6.7,6.85,7.0,7.0,7.0,-0.14,0.1,0.26,0.82,6.9
ethan p.,7.0,6.46,2.36,4.1,4.1,6.5,8.65,9.1,-0.17,0.11,0.31,0.8,6.46
evan mcgarvey,32.0,5.87,1.29,2.4,5.08,5.8,6.85,7.7,-0.1,0.09,0.26,0.86,5.87
evan minsker,115.0,6.97,0.9,4.5,6.4,7.1,7.65,9.1,-0.1,0.1,0.28,0.85,6.97
evan rytlewski,55.0,6.5,0.82,4.4,6.0,6.6,7.0,8.4,-0.08,0.11,0.3,0.85,6.5
felipe delerme,5.0,7.32,0.44,6.9,7.1,7.1,7.5,8.0,-0.06,0.1,0.28,0.86,7.32
finn cohen,2.0,7.3,0.0,7.3,7.3,7.3,7.3,7.3,-0.03,0.08,0.25,0.9,7.3
gabriel szatan,6.0,6.72,1.2,4.5,6.45,7.15,7.48,7.7,-0.11,0.08,0.24,0.86,6.72
grayson currin,381.0,7.04,1.41,2.0,6.6,7.5,8.0,10.0,-0.1,0.1,0.28,0.85,7.04
grayson haver currin,162.0,7.34,1.11,3.0,7.0,7.7,8.0,8.8,-0.1,0.09,0.27,0.86,7.34
hank shteamer,26.0,7.54,0.97,4.9,7.3,7.6,7.98,9.0,-0.09,0.1,0.28,0.86,7.54
hannah giorgis,1.0,7.7,,7.7,7.7,7.7,7.7,7.7,-0.01,0.16,0.42,0.84,7.7
hari ashurst,49.0,6.59,1.5,1.8,6.3,7.1,7.5,8.2,-0.08,0.11,0.34,0.84,6.59
harley brown,32.0,6.52,0.7,4.8,5.98,6.65,7.0,7.5,-0.08,0.1,0.3,0.87,6.52
hartley goldstein,26.0,6.81,1.46,3.1,6.45,6.95,7.7,8.8,-0.11,0.11,0.32,0.84,6.81
hazel cills,18.0,7.01,0.64,5.9,6.6,6.95,7.35,8.6,-0.09,0.11,0.33,0.84,7.01
hefner macauley,2.0,8.35,0.78,7.8,8.07,8.35,8.62,8.9,-0.03,0.12,0.33,0.86,8.35
ian cohen,855.0,6.25,1.58,0.2,5.45,6.4,7.4,10.0,-0.12,0.1,0.32,0.85,6.26
ilana kaplan,2.0,6.95,0.21,6.8,6.88,6.95,7.02,7.1,-0.11,0.1,0.29,0.84,6.95
isaiah violante,15.0,7.31,1.52,3.4,6.95,7.9,8.25,8.8,-0.17,0.11,0.31,0.82,7.31
israel daramola,11.0,6.87,1.08,3.9,6.8,7.0,7.45,8.0,-0.09,0.13,0.38,0.82,6.87
j. edward keyes,8.0,7.36,0.67,6.0,7.2,7.55,7.7,8.2,-0.15,0.09,0.27,0.84,7.36
j. wasserman,1.0,8.0,,8.0,8.0,8.0,8.0,8.0,-0.15,0.07,0.18,0.87,8.0
j.h. tompkins,4.0,8.42,0.74,7.8,8.1,8.2,8.52,9.5,-0.24,0.12,0.36,0.8,8.42
jake cleland,6.0,6.97,1.32,4.3,7.32,7.4,7.55,7.8,-0.15,0.1,0.31,0.84,6.97
jakob dorof,3.0,8.03,0.4,7.8,7.8,7.8,8.15,8.5,-0.08,0.1,0.37,0.86,8.03
james p. wisdom,20.0,7.06,1.72,3.7,6.5,7.25,8.02,10.0,-0.08,0.11,0.26,0.84,7.06
jamieson cox,49.0,6.83,0.66,4.8,6.5,6.8,7.3,8.6,-0.04,0.14,0.46,0.85,6.83
jamin warren,33.0,7.19,0.83,5.0,6.7,7.1,7.9,8.6,-0.11,0.1,0.25,0.83,7.19
jared bane,1.0,7.1,,7.1,7.1,7.1,7.1,7.1,0.0,0.12,0.24,0.88,7.1
jascha hoffman,23.0,6.93,2.18,1.7,6.85,8.0,8.3,9.1,-0.14,0.08,0.23,0.85,6.93
jason crock,351.0,6.86,1.03,2.0,6.4,7.0,7.5,8.6,-0.1,0.1,0.3,0.85,6.85
jason heller,136.0,7.18,0.88,4.2,6.8,7.3,7.8,9.2,-0.12,0.09,0.26,0.86,7.18
jason josephes,8.0,7.25,1.49,5.5,6.1,7.25,8.22,9.3,-0.09,0.1,0.26,0.85,7.25
jason nickey,75.0,6.69,1.73,1.9,6.0,7.1,7.9,9.5,-0.09,0.09,0.26,0.86,6.69
jay balfour,19.0,6.74,0.93,4.9,6.25,6.8,7.3,8.8,-0.07,0.1,0.3,0.86,6.74
jayson greene,353.0,7.07,1.28,1.0,6.6,7.3,7.8,10.0,-0.1,0.1,0.3,0.85,7.07
jazz monroe,21.0,6.63,0.92,4.9,5.7,6.8,7.4,7.9,-0.11,0.11,0.31,0.83,6.63
jedediah gilchrist,3.0,4.67,1.5,3.2,3.9,4.6,5.4,6.2,-0.17,0.1,0.29,0.83,4.67
jeff leven,2.0,7.25,0.64,6.8,7.02,7.25,7.48,7.7,-0.09,0.09,0.22,0.84,7.25
jeff weiss,18.0,8.08,0.7,6.7,7.62,8.15,8.38,10.0,-0.12,0.09,0.24,0.84,8.08
jenn pelly,48.0,8.06,0.53,6.5,7.8,8.0,8.4,9.2,-0.13,0.09,0.28,0.84,8.06
jeremy d. larson,37.0,6.93,0.92,3.2,6.4,7.2,7.4,8.0,-0.08,0.09,0.3,0.87,6.93
jeremy gordon,40.0,6.99,0.95,3.5,6.6,7.1,7.52,8.5,-0.08,0.11,0.34,0.85,7.0
jeremy larson,1.0,6.4,,6.4,6.4,6.4,6.4,6.4,-0.05,0.09,0.23,0.86,6.4
jeremy schneyer,10.0,7.23,0.83,6.0,6.48,7.25,8.05,8.1,-0.08,0.12,0.32,0.84,7.23
jes skolnik,20.0,7.26,0.31,6.8,7.0,7.3,7.43,7.9,-0.08,0.11,0.34,0.85,7.26
jess harvell,366.0,7.07,1.15,3.8,6.5,7.0,7.9,10.0,-0.1,0.1,0.3,0.85,7.06
jesse fahnestock,2.0,6.15,0.64,5.7,5.93,6.15,6.37,6.6,-0.11,0.12,0.32,0.82,6.15
jesse jarnow,12.0,8.16,0.81,7.1,7.8,7.9,8.27,10.0,-0.07,0.09,0.31,0.88,8.16
jessica hopper,14.0,7.31,1.42,4.5,6.62,7.7,8.0,10.0,-0.11,0.1,0.29,0.85,7.31
jessica suarez,51.0,7.1,0.73,5.2,6.55,7.2,7.65,8.3,-0.08,0.1,0.27,0.85,7.1
jia tolentino,9.0,6.19,1.72,2.5,5.4,6.8,7.3,7.8,-0.08,0.09,0.27,0.86,6.19
jillian mapes,16.0,7.58,0.83,5.9,7.22,7.8,8.3,8.5,-0.07,0.12,0.35,0.85,7.58
joe colly,153.0,6.9,1.26,1.4,6.3,7.0,7.7,9.0,-0.06,0.11,0.32,0.85,6.91
joe tangari,987.0,7.38,0.98,2.1,7.0,7.5,8.0,10.0,-0.07,0.11,0.32,0.86,7.39
joel oliphint,13.0,6.75,0.92,4.9,6.1,7.1,7.4,7.8,-0.09,0.1,0.29,0.85,6.75
john dark,30.0,6.49,1.61,2.6,5.93,6.8,7.3,8.7,-0.08,0.11,0.26,0.84,6.49
john everhart,1.0,7.1,,7.1,7.1,7.1,7.1,7.1,-0.12,0.07,0.23,0.85,7.1
john motley,36.0,6.74,0.89,5.0,6.3,6.8,7.32,8.4,-0.1,0.1,0.27,0.85,6.74
john o'connor,9.0,5.71,1.68,3.0,4.9,6.5,6.5,7.4,-0.12,0.09,0.25,0.84,5.71
john s.w. macdonald,6.0,6.63,0.42,5.9,6.48,6.75,6.95,7.0,-0.11,0.12,0.34,0.84,6.63
johnny loftus,62.0,6.62,1.58,1.9,6.1,7.1,7.5,8.5,-0.09,0.1,0.27,0.85,6.62
jonah bromwich,87.0,6.85,0.9,3.6,6.3,6.9,7.5,8.7,-0.09,0.11,0.34,0.85,6.85
jonathan bernstein,3.0,7.87,0.15,7.7,7.8,7.9,7.95,8.0,-0.12,0.1,0.31,0.86,7.87
jonathan garrett,10.0,5.68,1.87,3.6,3.7,6.1,7.28,8.2,-0.06,0.1,0.28,0.86,5.68
jonathan k. dick,3.0,7.77,0.32,7.4,7.65,7.9,7.95,8.0,-0.12,0.11,0.3,0.86,7.77
jonathan patrick,2.0,7.35,1.2,6.5,6.92,7.35,7.78,8.2,-0.13,0.09,0.27,0.84,7.35
jonathan zwickel,61.0,7.35,0.82,4.2,7.0,7.4,7.8,9.0,-0.08,0.11,0.3,0.85,7.35
jonny pietin,3.0,6.37,0.64,6.0,6.0,6.0,6.55,7.1,-0.09,0.07,0.2,0.88,6.37
jordan sargent,65.0,6.52,1.34,1.0,5.8,6.7,7.6,8.2,-0.09,0.1,0.33,0.86,6.52
josh love,4.0,7.1,0.74,6.0,7.05,7.4,7.45,7.6,-0.0,0.12,0.42,0.85,7.1
joshua klein,267.0,6.75,1.22,2.7,6.0,7.0,7.5,10.0,-0.09,0.11,0.32,0.85,6.75
joshua love,125.0,6.33,1.17,2.0,5.6,6.5,7.2,9.1,-0.08,0.12,0.38,0.84,6.33
jt ramsay,2.0,6.25,1.77,5.0,5.62,6.25,6.88,7.5,-0.07,0.15,0.35,0.8,6.25
judson picco,11.0,6.02,2.11,0.8,4.7,7.1,7.3,7.6,-0.17,0.08,0.25,0.84,6.02
judy berman,1.0,7.6,,7.6,7.6,7.6,7.6,7.6,-0.04,0.08,0.24,0.89,7.6
julian kimble,5.0,6.98,0.71,6.1,6.5,7.0,7.4,7.9,-0.03,0.12,0.35,0.86,6.98
julianne escobedo shepherd,53.0,6.81,1.74,2.9,5.9,7.2,8.2,9.0,-0.12,0.1,0.29,0.84,6.81
kasia galazka,4.0,5.72,0.82,5.0,5.38,5.5,5.85,6.9,-0.07,0.12,0.34,0.83,5.72
katherine st asaph,3.0,6.6,0.52,6.0,6.45,6.9,6.9,6.9,-0.03,0.11,0.36,0.86,6.6
katherine st. asaph,63.0,6.68,0.87,4.0,6.0,6.8,7.3,8.6,-0.1,0.09,0.28,0.86,6.68
kathy iandoli,9.0,6.56,0.84,5.1,6.1,6.5,7.2,7.8,-0.07,0.11,0.31,0.86,6.56
keith brasel,1.0,7.0,,7.0,7.0,7.0,7.0,7.0,-0.14,0.09,0.29,0.83,7.0
kevin adickes,33.0,6.43,1.83,2.8,5.5,6.8,8.0,9.2,-0.08,0.1,0.3,0.85,6.43
kevin lozano,53.0,6.94,1.16,3.5,6.0,7.1,7.9,8.7,-0.09,0.09,0.27,0.86,6.94
kevin lozano ,1.0,6.9,,6.9,6.9,6.9,6.9,6.9,-0.01,0.11,0.31,0.86,6.9
kim fing shannon,1.0,5.9,,5.9,5.9,5.9,5.9,5.9,-0.19,0.07,0.25,0.85,5.9
kim kelly,65.0,7.27,0.73,5.5,6.6,7.4,7.9,8.4,-0.18,0.1,0.3,0.82,7.27
kim shannon,6.0,7.32,0.53,6.7,6.93,7.3,7.6,8.1,-0.15,0.09,0.25,0.84,7.32
kris ex,16.0,7.63,1.35,5.0,6.9,8.0,8.43,10.0,-0.09,0.1,0.31,0.86,7.63
kris ex ,1.0,8.6,,8.6,8.6,8.6,8.6,8.6,-0.08,0.06,0.26,0.9,8.6
kristin sage rockermann,21.0,6.45,1.25,3.8,5.9,6.5,7.0,8.5,-0.12,0.08,0.23,0.86,6.45
kristin sage rockermann & chip chanko,2.0,8.5,0.0,8.5,8.5,8.5,8.5,8.5,-0.01,0.16,0.38,0.84,8.5
kyle kramer,15.0,6.67,0.73,5.1,6.25,6.6,7.2,7.6,-0.03,0.13,0.4,0.85,6.67
kyle reiter,9.0,6.22,2.27,2.9,4.9,6.9,7.3,9.0,-0.11,0.1,0.29,0.86,6.22
larry fitzmaurice,281.0,6.93,1.13,2.0,6.2,7.1,7.8,9.1,-0.09,0.1,0.32,0.86,6.93
laura snapes,117.0,6.97,1.3,2.6,6.2,7.4,7.8,10.0,-0.13,0.1,0.32,0.84,6.97
lawrence burney,3.0,6.7,0.66,6.0,6.4,6.8,7.05,7.3,-0.2,0.1,0.28,0.83,6.7
leonard pierce,3.0,7.5,0.35,7.1,7.4,7.7,7.7,7.7,-0.15,0.11,0.33,0.84,7.5
leor galil,1.0,7.3,,7.3,7.3,7.3,7.3,7.3,0.01,0.09,0.34,0.91,7.3
liam singer,35.0,7.72,0.8,5.3,7.25,7.8,8.25,9.3,-0.07,0.1,0.31,0.87,7.72
lindsay hood,4.0,6.43,0.96,5.0,6.35,6.8,6.88,7.1,-0.06,0.12,0.3,0.84,6.43
lindsay zoladz,137.0,7.32,0.98,4.3,6.7,7.4,7.9,9.2,-0.08,0.11,0.33,0.85,7.32
lisa blanning,2.0,7.1,0.14,7.0,7.05,7.1,7.15,7.2,-0.04,0.09,0.25,0.87,7.1
liz colville,62.0,6.39,1.43,1.5,5.72,6.7,7.38,8.6,-0.06,0.11,0.34,0.85,6.39
liz pelly,3.0,7.37,0.32,7.0,7.25,7.5,7.55,7.6,-0.1,0.11,0.38,0.83,7.37
loren ludwig & jascha hoffman,1.0,8.4,,8.4,8.4,8.4,8.4,8.4,-0.08,0.09,0.26,0.88,8.4
louis pattison,20.0,7.16,0.66,6.0,6.75,7.05,7.7,8.5,-0.1,0.08,0.27,0.87,7.16
luke buckman,19.0,7.98,1.4,5.0,7.1,8.2,9.05,10.0,-0.09,0.08,0.22,0.88,7.98
malcolm seymour iii,10.0,6.09,2.41,2.0,4.22,6.25,8.12,9.4,-0.09,0.09,0.24,0.86,6.09
marc hogan,541.0,6.54,1.53,0.9,5.9,6.8,7.6,9.2,-0.08,0.11,0.3,0.85,6.54
marc masters,419.0,7.46,0.65,4.3,7.1,7.5,7.8,9.8,-0.07,0.1,0.28,0.86,7.46
marcus j. moore,44.0,7.16,0.93,3.5,6.88,7.25,7.52,9.4,-0.07,0.11,0.33,0.85,7.16
marcus k. dowling,4.0,7.15,0.1,7.0,7.15,7.2,7.2,7.2,-0.07,0.11,0.37,0.87,7.15
maria sherman,1.0,7.0,,7.0,7.0,7.0,7.0,7.0,-0.09,0.11,0.23,0.85,7.0
mark martelli,39.0,6.16,2.13,1.1,6.0,6.8,7.3,9.0,-0.16,0.09,0.28,0.84,6.16
mark pytlik,143.0,6.96,1.65,2.6,6.0,7.4,8.15,9.3,-0.07,0.1,0.33,0.86,6.96
mark richard-san,173.0,7.25,1.29,2.5,6.5,7.5,8.1,9.6,-0.07,0.11,0.29,0.86,7.25
mark richard-san & ryan schreiber,2.0,6.1,0.0,6.1,6.1,6.1,6.1,6.1,-0.05,0.1,0.19,0.85,6.1
mark richardson,614.0,7.53,1.3,1.0,6.8,7.8,8.4,10.0,-0.06,0.1,0.3,0.87,7.54
mark richardson & nick sylvester,4.0,7.3,0.0,7.3,7.3,7.3,7.3,7.3,-0.11,0.09,0.31,0.86,7.3
martin clark,1.0,8.5,,8.5,8.5,8.5,8.5,8.5,-0.12,0.07,0.21,0.83,8.5
martin douglas,56.0,7.13,0.59,5.3,6.8,7.3,7.5,8.1,-0.08,0.11,0.35,0.86,7.13
matt kallman,10.0,7.27,0.87,5.1,7.1,7.4,7.62,8.2,-0.11,0.09,0.26,0.85,7.27
matt lemay,255.0,7.39,1.63,0.0,6.5,7.7,8.45,10.0,-0.09,0.12,0.33,0.83,7.37
matt stephens,5.0,4.56,2.29,2.6,2.6,4.7,4.7,8.2,-0.16,0.12,0.36,0.83,4.56
matt wellins,1.0,8.7,,8.7,8.7,8.7,8.7,8.7,-0.05,0.09,0.35,0.88,8.7
matthew grosinger,2.0,6.65,0.92,6.0,6.32,6.65,6.98,7.3,-0.11,0.1,0.32,0.83,6.65
matthew ismael ruiz,2.0,7.5,0.85,6.9,7.2,7.5,7.8,8.1,-0.1,0.08,0.27,0.86,7.5
matthew murphy,356.0,7.26,0.69,3.7,7.0,7.4,7.7,9.5,-0.08,0.09,0.32,0.87,7.26
matthew perpetua,90.0,6.64,1.47,2.0,6.2,6.7,7.6,10.0,-0.07,0.13,0.37,0.84,6.64
matthew ramirez,30.0,6.31,1.17,4.0,5.35,6.7,7.2,8.5,-0.07,0.11,0.33,0.85,6.31
matthew schnipper,3.0,7.13,1.61,5.3,6.55,7.8,8.05,8.3,-0.01,0.12,0.28,0.86,7.13
matthew solarski,22.0,7.27,0.59,6.0,7.0,7.3,7.68,8.3,-0.09,0.1,0.34,0.86,7.27
matthew stephens,2.0,8.15,0.35,7.9,8.02,8.15,8.28,8.4,-0.03,0.15,0.46,0.85,8.15
matthew strauss,16.0,6.59,0.7,5.0,6.28,6.75,7.12,7.5,-0.08,0.11,0.31,0.84,6.59
matthew wellins,7.0,5.77,1.46,3.3,5.15,5.4,7.1,7.2,-0.1,0.1,0.32,0.85,5.77
maud deitch,5.0,5.74,2.16,2.0,6.2,6.3,6.6,7.6,-0.06,0.08,0.29,0.88,5.74
maura johnston,2.0,10.0,0.0,10.0,10.0,10.0,10.0,10.0,-0.13,0.09,0.35,0.82,10.0
max mertens,2.0,7.3,0.71,6.8,7.05,7.3,7.55,7.8,-0.09,0.1,0.41,0.86,7.3
meaghan garvey,40.0,7.11,1.04,3.0,6.88,7.25,7.62,8.4,-0.08,0.1,0.32,0.86,7.11
meg zamula,8.0,6.75,0.87,5.8,5.95,6.65,7.52,8.0,-0.05,0.11,0.28,0.86,6.75
mehan jayasuriya,28.0,6.44,0.83,4.7,6.12,6.65,6.93,8.0,-0.06,0.1,0.3,0.86,6.44
melody lau,2.0,6.6,0.71,6.1,6.35,6.6,6.85,7.1,-0.12,0.08,0.35,0.9,6.1
mia clarke,31.0,7.32,0.94,4.5,6.9,7.5,8.0,8.3,-0.04,0.13,0.41,0.86,7.32
mia lily clarke,25.0,7.29,0.61,6.2,6.8,7.0,7.7,8.4,-0.08,0.1,0.32,0.86,7.29
michael bernstein,5.0,7.32,1.28,6.0,6.0,7.7,8.0,8.9,-0.11,0.09,0.23,0.86,7.32
michael idov,45.0,6.02,2.14,0.8,5.1,6.4,7.7,8.7,-0.11,0.1,0.26,0.85,6.02
michael j. agovino,2.0,7.95,0.64,7.5,7.72,7.95,8.18,8.4,-0.02,0.1,0.31,0.88,7.95
michael sandlin,26.0,5.67,2.37,0.3,4.4,6.3,7.3,8.6,-0.14,0.1,0.27,0.81,5.67
michael wartenbe,2.0,7.6,0.0,7.6,7.6,7.6,7.6,7.6,-0.08,0.09,0.26,0.87,7.6
mike bernstein,5.0,8.44,0.13,8.2,8.5,8.5,8.5,8.5,-0.08,0.1,0.28,0.84,8.44
mike madden,9.0,6.74,0.65,5.5,6.5,6.8,7.0,7.6,-0.08,0.09,0.31,0.88,6.74
mike mcgonigal,17.0,8.04,0.44,6.8,7.8,8.2,8.3,8.6,-0.09,0.1,0.28,0.86,8.04
mike orme,50.0,6.81,0.86,4.5,6.43,6.85,7.4,8.5,-0.08,0.1,0.31,0.85,6.81
mike powell,203.0,7.33,1.08,3.5,6.9,7.5,8.0,10.0,-0.08,0.1,0.29,0.86,7.33
miles raymer,116.0,7.09,0.88,3.9,6.6,7.2,7.7,9.0,-0.06,0.11,0.37,0.87,7.09
minna zhou,11.0,7.14,0.66,5.8,6.9,7.3,7.55,8.0,-0.05,0.07,0.23,0.91,7.14
minna zhou ,1.0,7.4,,7.4,7.4,7.4,7.4,7.4,-0.02,0.1,0.33,0.88,7.4
molly beauchemin,5.0,6.68,0.36,6.2,6.4,6.9,6.9,7.0,-0.07,0.11,0.35,0.85,6.68
mosi reeves,6.0,6.93,0.39,6.3,6.82,6.95,7.07,7.5,-0.08,0.09,0.24,0.86,6.93
natalie moore,1.0,5.7,,5.7,5.7,5.7,5.7,5.7,-0.28,0.07,0.25,0.78,5.7
nate patrin,427.0,7.04,1.23,2.8,6.5,7.3,7.8,10.0,-0.1,0.09,0.32,0.86,7.04
nate patrin ,3.0,5.6,0.0,5.6,5.6,5.6,5.6,5.6,-0.05,0.1,0.38,0.86,5.6
nathan humpal,1.0,7.5,,7.5,7.5,7.5,7.5,7.5,-0.16,0.11,0.31,0.86,7.5
nathan reese,18.0,6.88,0.9,4.9,6.52,7.2,7.5,8.0,-0.08,0.1,0.29,0.87,6.88
nathan rooney,13.0,6.92,1.7,4.2,5.6,7.0,8.5,9.0,-0.09,0.11,0.28,0.85,6.92
ned raggett,28.0,7.69,0.65,6.7,7.38,7.5,8.22,9.0,-0.04,0.11,0.39,0.87,7.69
neil lieberman,13.0,6.26,1.57,4.0,4.8,6.0,7.3,9.4,-0.09,0.12,0.29,0.83,6.26
neil robertson,13.0,6.5,1.32,3.7,6.7,6.9,7.0,8.3,-0.14,0.1,0.3,0.82,6.5
nelson george,2.0,10.0,0.0,10.0,10.0,10.0,10.0,10.0,-0.05,0.09,0.32,0.88,10.0
nicholas b. sylvester,16.0,6.75,1.56,3.0,6.18,7.2,7.75,8.7,-0.09,0.1,0.29,0.85,6.75
nick mirov,39.0,7.0,1.42,2.4,6.3,7.1,8.0,9.0,-0.11,0.1,0.28,0.85,7.0
nick neyland,253.0,6.85,0.73,4.6,6.4,6.8,7.4,9.2,-0.08,0.09,0.3,0.87,6.85
nick sylvester,165.0,6.67,1.82,0.5,6.2,7.4,7.8,9.0,-0.11,0.1,0.3,0.84,6.72
nina corcoran,6.0,7.32,0.39,6.8,7.12,7.25,7.52,7.9,-0.1,0.08,0.27,0.86,7.32
nina mashurova,3.0,7.4,0.69,6.6,7.2,7.8,7.8,7.8,-0.15,0.08,0.24,0.86,7.4
nitsuh abebe,191.0,7.37,1.11,3.4,6.9,7.5,8.05,10.0,-0.05,0.12,0.36,0.85,7.36
noah sutcliffe,3.0,4.77,1.85,3.7,3.7,3.7,5.3,6.9,-0.17,0.08,0.26,0.84,4.77
oliver lache,2.0,5.6,0.0,5.6,5.6,5.6,5.6,5.6,-0.23,0.07,0.22,0.85,5.6
p.j. gallagher,1.0,8.0,,8.0,8.0,8.0,8.0,8.0,-0.1,0.12,0.27,0.87,8.0
pat healy,18.0,6.61,0.97,4.9,5.78,6.85,7.4,8.2,-0.05,0.11,0.3,0.86,6.61
patric fallon,17.0,6.73,0.91,5.0,5.9,6.9,7.4,8.0,-0.05,0.09,0.3,0.88,6.73
patrick bowman,9.0,6.42,0.71,5.5,6.0,6.0,7.0,7.5,-0.08,0.1,0.37,0.87,6.42
patrick sisson,32.0,6.75,0.78,4.5,6.38,6.8,7.2,8.0,-0.07,0.1,0.3,0.87,6.75
patrick sisson ,2.0,6.9,0.0,6.9,6.9,6.9,6.9,6.9,-0.09,0.07,0.24,0.88,6.9
patrick st. michel,24.0,7.05,0.62,6.0,6.7,7.0,7.32,8.8,-0.05,0.11,0.34,0.87,7.05
paul a. thompson,19.0,7.31,0.48,6.2,6.95,7.3,7.65,8.0,-0.15,0.08,0.24,0.86,7.31
paul cooper,162.0,6.75,1.73,2.2,5.85,7.0,7.9,9.5,-0.09,0.09,0.25,0.86,6.75
paul thompson,270.0,6.68,1.05,2.8,6.0,6.8,7.4,10.0,-0.08,0.11,0.33,0.86,6.68
paula mejia,2.0,7.4,0.28,7.2,7.3,7.4,7.5,7.6,-0.2,0.06,0.26,0.86,7.4
pete nicholson,2.0,7.65,0.92,7.0,7.32,7.65,7.98,8.3,-0.12,0.08,0.22,0.81,7.65
peter macia,50.0,6.96,1.57,0.6,6.0,7.65,8.0,8.8,-0.12,0.09,0.25,0.84,6.96
philip shelley,4.0,7.55,0.82,6.5,7.32,7.6,7.82,8.5,-0.08,0.09,0.26,0.86,7.55
philip sherburne,228.0,7.58,0.8,4.0,7.2,7.7,8.0,9.7,-0.07,0.09,0.28,0.88,7.58
philip sherburne ,1.0,8.2,,8.2,8.2,8.2,8.2,8.2,-0.07,0.06,0.28,0.9,8.2
philip welsh,1.0,8.6,,8.6,8.6,8.6,8.6,8.6,-0.1,0.1,0.29,0.83,8.6
piotr orlov,3.0,7.17,0.93,6.1,6.85,7.6,7.7,7.8,-0.03,0.12,0.36,0.88,7.17
pj gallagher,2.0,7.5,0.0,7.5,7.5,7.5,7.5,7.5,-0.09,0.11,0.27,0.86,7.5
puja patel,13.0,6.43,0.83,5.0,6.0,6.7,6.8,7.8,-0.12,0.09,0.28,0.85,6.43
quinn moreland,16.0,7.53,0.52,6.5,7.28,7.5,7.72,8.6,-0.1,0.11,0.3,0.85,7.53
rachael maddux,20.0,7.18,0.83,5.1,6.95,7.3,7.8,8.5,-0.12,0.09,0.3,0.86,7.18
rachel khong,22.0,6.71,0.91,5.0,6.05,6.9,7.18,8.3,-0.16,0.12,0.33,0.8,6.69
rawiya kameir,1.0,5.3,,5.3,5.3,5.3,5.3,5.3,-0.01,0.13,0.51,0.83,5.3
ray suzuki,3.0,3.23,5.6,0.0,0.0,0.0,4.85,9.7,-0.29,0.09,0.25,0.78,9.7
raymond cummings,14.0,7.44,0.37,6.9,7.2,7.45,7.75,8.2,-0.11,0.09,0.26,0.85,7.44
rebecca haithcoat,10.0,6.8,1.21,4.8,6.15,7.0,7.7,8.4,-0.1,0.12,0.36,0.83,6.8
rebecca raber,107.0,6.88,0.86,4.8,6.4,7.0,7.5,8.5,-0.08,0.11,0.33,0.85,6.88
renato pagnani,23.0,6.93,0.5,6.0,6.65,7.0,7.35,7.7,-0.06,0.1,0.35,0.87,6.93
richard m. juzwiak,27.0,6.44,1.79,2.2,5.1,7.0,7.75,8.6,-0.09,0.1,0.28,0.85,6.44
rob harvilla,3.0,6.73,1.24,5.3,6.35,7.4,7.45,7.5,-0.17,0.1,0.26,0.82,6.73
rob mitchum,326.0,6.42,1.63,0.4,5.3,6.7,7.6,10.0,-0.11,0.1,0.29,0.85,6.42
robbie mackey,17.0,6.39,1.32,4.4,5.3,5.8,7.7,8.3,-0.11,0.09,0.24,0.85,6.39
robert ham,2.0,6.95,0.35,6.7,6.82,6.95,7.08,7.2,-0.07,0.08,0.26,0.88,6.95
rohan samarth,1.0,7.4,,7.4,7.4,7.4,7.4,7.4,-0.21,0.09,0.25,0.85,7.4
rollie pemberton,64.0,6.5,1.81,2.1,5.98,7.05,7.6,9.2,-0.15,0.11,0.29,0.82,6.5
rollie pemberton & nick sylvester,1.0,9.4,,9.4,9.4,9.4,9.4,9.4,-0.08,0.14,0.34,0.81,9.4
ron hart,10.0,7.38,0.54,6.5,6.9,7.6,7.8,8.0,-0.05,0.11,0.34,0.87,7.38
roque strew,64.0,7.21,0.93,4.1,6.9,7.6,7.7,8.5,-0.08,0.09,0.26,0.86,7.23
ruth saxelby,19.0,7.46,0.68,6.0,7.5,7.6,7.95,8.0,-0.1,0.1,0.27,0.86,7.46
ryan dombal,200.0,6.88,1.58,2.5,5.8,6.95,8.1,10.0,-0.11,0.1,0.28,0.84,6.88
ryan kearney,52.0,6.63,1.65,0.4,5.65,7.0,7.9,9.6,-0.1,0.09,0.24,0.86,6.63
ryan leas,4.0,6.55,1.53,4.5,5.85,6.9,7.6,7.9,-0.07,0.08,0.25,0.88,6.55
ryan schreiber,108.0,7.04,1.67,0.6,6.1,7.4,8.4,9.5,-0.09,0.1,0.28,0.85,7.04
ryan schreiber & alison fields,1.0,7.7,,7.7,7.7,7.7,7.7,7.7,-0.06,0.07,0.23,0.88,7.7
s. murray,18.0,7.27,1.14,5.0,6.63,7.8,8.07,8.3,-0.14,0.08,0.25,0.84,7.27
saby reyes kulkarni,1.0,6.8,,6.8,6.8,6.8,6.8,6.8,-0.11,0.08,0.24,0.86,6.8
saby reyes-kulkarni,57.0,7.14,0.96,4.0,6.7,7.2,7.8,8.9,-0.1,0.09,0.27,0.87,7.14
safy-hallan farah,3.0,7.13,0.35,6.8,6.95,7.1,7.3,7.5,-0.04,0.11,0.3,0.85,7.13
sam chennault,54.0,7.08,1.49,2.2,6.6,7.3,8.07,9.1,-0.13,0.09,0.26,0.84,7.08
sam eccleston,20.0,7.29,1.01,5.8,6.42,7.35,7.9,9.0,-0.09,0.11,0.3,0.84,7.29
sam hockley-smith,17.0,7.11,0.67,5.8,6.8,7.2,7.4,8.6,-0.08,0.1,0.28,0.84,7.11
sam lefebvre,13.0,7.22,0.54,6.1,7.0,7.5,7.6,7.8,-0.19,0.09,0.28,0.81,7.22
sam sodomsky,28.0,7.29,0.82,5.3,6.78,7.5,7.85,8.5,-0.06,0.12,0.37,0.86,7.29
sam ubl,201.0,6.94,1.32,2.0,6.3,7.4,7.8,8.7,-0.09,0.1,0.27,0.85,6.94
samir khan,8.0,6.51,2.02,4.2,5.32,6.0,8.0,10.0,-0.13,0.1,0.28,0.82,6.51
sara sherr,2.0,7.0,0.71,6.5,6.75,7.0,7.25,7.5,-0.14,0.12,0.31,0.79,7.0
sarah sahim,3.0,6.4,1.3,4.9,6.0,7.1,7.15,7.2,-0.12,0.1,0.31,0.83,6.4
sarah zupko,3.0,7.6,2.34,4.9,6.9,8.9,8.95,9.0,-0.01,0.12,0.33,0.88,7.6
sasha geffen,24.0,6.94,0.61,5.8,6.57,6.85,7.32,8.3,-0.12,0.09,0.25,0.83,6.94
savy reyes-kulkarni,1.0,7.7,,7.7,7.7,7.7,7.7,7.7,-0.16,0.1,0.29,0.82,7.7
scott hreha,16.0,7.62,1.34,3.4,7.45,7.9,8.45,8.9,-0.1,0.1,0.32,0.84,7.62
scott plagenhoef,151.0,7.66,1.41,3.3,6.8,7.8,8.7,10.0,-0.09,0.11,0.33,0.86,7.71
sean fennessey,74.0,7.07,1.33,2.4,6.4,7.2,7.88,9.5,-0.1,0.1,0.26,0.84,7.07
sean fennessy,1.0,8.3,,8.3,8.3,8.3,8.3,8.3,-0.05,0.08,0.28,0.89,8.3
sean t. collins,1.0,8.1,,8.1,8.1,8.1,8.1,8.1,-0.06,0.1,0.36,0.87,8.1
seth colter walls,70.0,7.7,0.86,4.5,7.43,7.95,8.2,9.1,-0.04,0.1,0.31,0.87,7.7
seth colter-walls,1.0,9.0,,9.0,9.0,9.0,9.0,9.0,-0.06,0.09,0.29,0.86,9.0
shan fowler,4.0,6.85,0.75,5.8,6.55,7.1,7.4,7.4,-0.08,0.1,0.24,0.85,6.85
sheldon pearce,59.0,6.98,0.86,4.4,6.5,7.0,7.55,8.6,-0.09,0.1,0.3,0.86,6.98
sheldon pearce ,1.0,6.8,,6.8,6.8,6.8,6.8,6.8,-0.07,0.1,0.34,0.86,6.8
simon goddard,1.0,8.6,,8.6,8.6,8.6,8.6,8.6,-0.06,0.12,0.29,0.83,8.6
simon reynolds,4.0,8.85,0.97,8.0,8.07,8.7,9.48,10.0,-0.09,0.09,0.31,0.87,8.85
spencer owen,33.0,7.08,1.8,2.0,6.7,7.6,8.3,9.5,-0.08,0.11,0.28,0.84,7.08
stacey anderson,11.0,6.42,1.71,2.5,5.55,6.6,7.45,8.5,-0.1,0.1,0.31,0.85,6.42
stephen  m. deusner,1.0,3.8,,3.8,3.8,3.8,3.8,3.8,-0.08,0.11,0.31,0.84,3.8
stephen deusner,17.0,6.92,1.04,4.9,6.4,6.8,7.6,9.3,-0.09,0.11,0.32,0.85,6.92
stephen haag,2.0,7.05,1.34,6.1,6.57,7.05,7.52,8.0,-0.18,0.1,0.32,0.83,7.05
stephen m. deusner,779.0,6.97,1.26,0.2,6.3,7.2,7.8,10.0,-0.1,0.1,0.3,0.85,6.97
stephen m. duesner,1.0,7.8,,7.8,7.8,7.8,7.8,7.8,-0.09,0.09,0.26,0.88,7.8
stephen may,1.0,6.5,,6.5,6.5,6.5,6.5,6.5,-0.09,0.1,0.27,0.85,6.5
stephen thomas erlewine,11.0,8.32,1.07,6.5,7.5,8.5,8.9,10.0,-0.06,0.09,0.29,0.88,8.32
stephen trouss,25.0,7.12,1.23,5.0,6.1,7.5,8.0,8.7,-0.08,0.11,0.33,0.86,7.12
steven byrd,9.0,5.62,2.86,0.2,5.3,5.3,7.8,9.0,-0.2,0.1,0.3,0.79,5.62
steven hyden,64.0,6.62,1.02,4.0,6.07,6.8,7.4,9.2,-0.09,0.11,0.31,0.85,6.62
"stosh ""piz"" piznarski",1.0,7.7,,7.7,7.7,7.7,7.7,7.7,-0.03,0.11,0.26,0.88,7.7
stuart berman,542.0,7.05,1.12,1.0,6.6,7.2,7.7,10.0,-0.11,0.09,0.33,0.86,7.05
t. cole rachel,32.0,7.1,0.69,5.7,6.7,7.05,7.6,8.5,-0.07,0.12,0.36,0.85,7.1
tal rosenberg,16.0,7.12,0.94,4.6,6.9,7.4,7.7,8.5,-0.07,0.08,0.25,0.9,7.12
tayler montague,1.0,7.3,,7.3,7.3,7.3,7.3,7.3,-0.12,0.1,0.36,0.84,7.3
taylor m. clark,15.0,7.27,1.29,5.4,6.3,7.2,8.05,9.1,-0.08,0.11,0.28,0.83,7.27
tess duncan,7.0,7.07,0.37,6.6,6.85,6.9,7.35,7.6,-0.13,0.09,0.24,0.86,7.07
the pitchfork staff,1.0,8.0,,8.0,8.0,8.0,8.0,8.0,-0.17,0.09,0.27,0.84,8.0
thea ballard,11.0,7.26,0.57,6.2,6.95,7.2,7.65,8.2,-0.09,0.07,0.24,0.89,7.26
tim finney,105.0,7.39,0.75,5.7,7.0,7.3,8.0,8.9,-0.08,0.11,0.36,0.85,7.36
timmhotep aku,1.0,7.1,,7.1,7.1,7.1,7.1,7.1,-0.13,0.06,0.16,0.87,7.1
tom breihan,269.0,6.7,1.51,1.6,5.9,7.1,7.8,9.5,-0.12,0.1,0.28,0.84,6.7
tom ewing,51.0,7.39,1.91,2.3,6.35,7.8,8.8,10.0,-0.09,0.12,0.34,0.84,7.39
vanessa okoth-obbo,7.0,6.79,0.64,6.1,6.35,6.5,7.2,7.8,-0.04,0.12,0.37,0.84,6.79
vish khanna,2.0,7.55,0.21,7.4,7.48,7.55,7.62,7.7,-0.02,0.14,0.33,0.86,7.55
will bryant,14.0,6.14,1.96,2.6,5.8,6.95,7.35,8.4,-0.12,0.09,0.27,0.85,6.14
will dukes,3.0,6.9,1.11,5.7,6.4,7.1,7.5,7.9,-0.06,0.15,0.35,0.8,6.9
william bowers,149.0,6.97,1.19,2.1,6.5,7.0,7.9,9.1,-0.12,0.08,0.24,0.85,6.97
william morris,38.0,6.54,1.24,3.0,6.0,6.8,7.38,8.3,-0.09,0.1,0.28,0.85,6.54
winston cook-wilson,48.0,7.3,0.63,6.3,6.8,7.2,7.62,9.3,-0.1,0.09,0.29,0.86,7.3
yancey strickler,2.0,7.1,1.27,6.2,6.65,7.1,7.55,8.0,-0.06,0.08,0.21,0.89,7.1
zach baron,134.0,6.92,0.92,4.4,6.4,7.0,7.6,9.3,-0.12,0.08,0.25,0.86,6.92
zach hammerman,1.0,7.5,,7.5,7.5,7.5,7.5,7.5,-0.05,0.1,0.24,0.89,7.5
zach hooker,41.0,7.1,1.42,3.6,6.6,7.5,8.0,9.5,-0.08,0.09,0.25,0.86,7.1
zach kelly,195.0,6.56,0.95,3.7,6.1,6.7,7.2,8.5,-0.08,0.12,0.35,0.84,6.56
zach vowell,1.0,7.1,,7.1,7.1,7.1,7.1,7.1,-0.14,0.12,0.32,0.81,7.1
zoe camp,82.0,6.84,0.96,4.0,6.2,6.9,7.48,8.7,-0.16,0.09,0.28,0.84,6.84
